{
    "SampleObject": {
        "Rotate": [
            0.8500000238418579,
            16.239999771118164,
            0.0
        ],
        "Scale": [
            1.0,
            1.0,
            1.0
        ],
        "Transform": [
            0.25999999046325684,
            -0.5699999928474426,
            -32.97999954223633
        ]
    }
}
